{"vegas": {"1": {"1": {"delay": 17006.785, "loss": 0.1732968768051758, "tput": 0.011642396815465238}, "all": {"delay": 17006.785, "loss": 0.1732968768051758, "tput": 0.011642396815465238}}}, "bbr": {"1": {"1": {"delay": 17009.017, "loss": 0.03375793311428188, "tput": 0.011635594950045014}, "all": {"delay": 17009.017, "loss": 0.03375793311428188, "tput": 0.011635594950045014}}}, "cubic": {"1": {"1": {"delay": 29983.818, "loss": 0.44554071854740807, "tput": 0.011643533666971214}, "all": {"delay": 29983.818, "loss": 0.44554071854740807, "tput": 0.011643533666971214}}}}