{"vegas": {"1": {"1": {"delay": 2023.094, "loss": 0.007784641076148735, "tput": 0.23023936194723268}, "all": {"delay": 2023.094, "loss": 0.007784641076148735, "tput": 0.23023936194723268}}}, "bbr": {"1": {"1": {"delay": 1998.197, "loss": 0.003959434276030627, "tput": 0.10148146992712326}, "all": {"delay": 1998.197, "loss": 0.003959434276030627, "tput": 0.10148146992712326}}}, "cubic": {"1": {"1": {"delay": 15994.996, "loss": 0.31928680558628886, "tput": 0.5502722496271653}, "all": {"delay": 15994.996, "loss": 0.31928680558628886, "tput": 0.5502722496271653}}}}